"","value","cost"
"1",2.28845943541646,250.309776076713
"2",0.803765292247984,79.8306570118371
"3",0.178333215215459,19.7247603310969
"4",1.60485577123526,145.756357629625
"5",0.330737805738084,28.6137917567589
"6",0.40225703975799,45.010700283482
"7",0.029514442032697,3.19298116196682
"8",1.36951618583217,162.060814627858
"9",0.0110070651516176,1.05073364645848
"10",0.0949936653303898,10.8085488736479
"11",0.200625060796299,23.1926221629498
"12",0.660466914088085,55.0289634406129
"13",1.24998344823605,147.976413883412
"14",0.101373503596976,12.1295053038236
"15",0.836014130720025,69.160956187173
"16",0.22414325855437,26.0550974424188
"17",0.255287823240927,20.4426644695101
"18",1.01513968378683,88.3745717816967
"19",0.079373806874347,8.5223836817438
"20",1.0471565043263,94.3823902509669
"21",0.20932161318897,21.2407870635553
"22",0.128355470489803,14.9890893646692
"23",0.0618267843569584,5.02680794809661
"24",0.00548096237078633,0.463477731484679
"25",1.97530901912985,167.317176151418
"26",0.0198388751978482,2.04105338433795
"27",0.317998039950445,33.8085423732268
"28",0.285997391881781,29.1215785069601
"29",3.09257091466279,260.539166904413
"30",0.143736094857642,12.5149808157015
"31",0.304428848617606,26.8565702738958
"32",0.343245517147679,28.9734944661177
"33",0.588925067606247,49.0970141784405
"34",0.0784624280988968,7.01695088360898
"35",1.46762330979736,136.409447715751
"36",2.47003380019623,233.780684022331
"37",0.00277094019965436,0.265348936952252
"38",1.45272811970985,127.898787775571
"39",0.107200575565136,9.48988532583319
"40",0.166356654941766,16.6031428714117
"41",0.934287934114279,91.1408886779607
"42",0.544821799203159,45.55733420338
"43",0.133103810646701,10.7669276392217
"44",2.44216956655587,235.818117198194
"45",0.287108135035745,25.269264769311
"46",0.0279680352173239,2.71611168567186
"47",1.27965993093742,106.56684318221
"48",0.474632215741257,55.6281960730923
"49",0.000175743753314408,0.0163967600846158
"50",0.111264296468626,11.2572997762256
