"","value","cost"
"1",0.0840235030590048,8.75687028829143
"2",0.0111843155019693,0.971596816551579
"3",0.329051666351945,35.8220248539131
"4",0.0816631918770452,7.93688066422313
"5",0.657730333505241,65.1944909426662
"6",3.66276975802074,309.237492123184
"7",0.0752459431456044,6.7154913583721
"8",0.166234187939646,17.6881646902924
"9",0.0393952180585674,4.03249971152413
"10",0.0667927196893452,6.4270855104426
"11",0.745238666482685,60.043528880469
"12",4.1436184688527,383.582937096961
"13",0.541257517476676,50.9325485622802
"14",0.20284386497764,22.5999838187543
"15",0.15730621962499,17.5045655945621
"16",0.820482522829626,81.5014585231437
"17",1.77595413878528,201.625462362924
"18",0.357943373732002,35.6449999970572
"19",0.0243490716467446,2.52225830555467
"20",0.491948712607569,45.7162779783331
"21",0.170848391681941,17.4644704438389
"22",0.0225323945261466,1.92584373397567
"23",0.11550946186242,13.5881845545154
"24",0.989418568231234,89.5605015766993
"25",0.115504652229189,13.8351540179645
"26",1.69837598140759,155.422566453325
"27",0.782310699293477,81.6296166282936
"28",0.0869627721322696,9.7443421897325
"29",3.56712725720212,316.260413338862
"30",0.00344052104141949,0.353992954229999
"31",0.702461569945513,77.9901420823503
"32",1.24190862783128,128.546954974281
"33",2.24874777627702,224.638029334546
"34",1.10957534374495,108.149716316872
"35",1.03598266849447,123.580482120573
"36",0.252487851586878,29.0824016631646
"37",2.07054433378459,198.650329346919
"38",0.0300004055353727,2.83442798075143
"39",0.141333336737346,13.7218247261467
"40",0.544788975036746,44.3018962936509
"41",0.000101127680088447,0.0106260110483492
"42",0.0577645498602339,6.15435624555836
"43",0.180624372427541,16.0204462192252
"44",0.539853929047852,62.2490878502932
"45",0.0275104044323473,2.58231310387204
"46",0.306684956016873,34.1186387940979
"47",0.0532890024817155,5.71354878219936
"48",0.00309229519782465,0.305253604976363
"49",0.168515443380845,14.5942369486731
"50",0.240697175667706,19.8364690675112
