"","value","cost"
"1",0.769515703434137,65.6612135838453
"2",0.314495422254781,26.68725053349
"3",0.262117300337331,31.3955753441752
"4",1.07886076110588,101.745178143755
"5",0.418150498672694,48.178247877588
"6",1.18382987769188,133.936935838862
"7",0.000226856984664354,0.0192235466553632
"8",0.401473279295286,46.330848140234
"9",0.103497680237688,9.88947235181389
"10",1.54929005054488,175.591698094251
"11",2.15608655671376,207.38463606263
"12",0.889956453180396,72.5143434116066
"13",0.0275535958786463,2.53637570601789
"14",0.507198589780601,59.1602054940454
"15",0.353839086078408,31.5092022946175
"16",0.103838959461189,11.7424193987222
"17",0.0189351661902323,1.9606355147893
"18",1.71930116636986,139.553865996381
"19",0.00358193773937777,0.358535342548932
"20",0.165865284194334,13.392381408048
"21",0.780632778913506,85.5507755956014
"22",0.30193877154289,25.4459975857961
"23",2.14354214436094,234.847475705522
"24",0.0171622173153714,1.54860788353766
"25",0.0305118819802759,3.335701608619
"26",0.554552736089,52.4452965689427
"27",0.000210911051002805,0.0178551196921848
"28",0.00598262944821496,0.572409228694465
"29",0.432586008680152,49.4900713541449
"30",1.65730929863331,173.865795260174
"31",0.0977322821256932,10.8278625042208
"32",0.820618235083653,67.5796153356378
"33",0.439282889961259,45.5774976645673
"34",0.17398589379101,20.4706188179428
"35",0.301361688691608,30.0379069524823
"36",2.14038090398074,185.748482487904
"37",0.105158563237099,10.7947732278833
"38",0.428294247729947,45.5173283085765
"39",0.143686850591552,15.1773446974329
"40",2.84301788529627,247.029310208292
"41",0.334456931054351,35.4825300068912
"42",0.000188893002024189,0.0182588398379557
"43",1.37905949438033,119.80017468765
"44",0.959292900513962,110.831163661883
"45",1.74182276904963,197.425436310064
"46",1.76813564679255,161.580434515732
"47",2.23080234153045,238.803359439525
"48",3.75238696400663,398.011789394052
"49",0.310288256551128,28.4196499168225
"50",0.00664116956294945,0.683417565096619
