"","value","cost"
"1",0.0079241755731645,0.83051505342893
"2",0.0677102081140366,6.52894716799829
"3",0.00850805677924254,0.944802520670964
"4",0.0825027164380327,9.49645952078546
"5",0.25532162302696,30.0748679767681
"6",0.101377551557879,8.62367797064295
"7",0.0419317531153407,4.54159758513283
"8",0.655043928296759,63.9921367322576
"9",0.157500964245428,17.4339456315994
"10",0.0471191305176835,5.5445696959492
"11",0.0594814473373575,5.8876980373321
"12",3.75428462708008,301.310413969473
"13",0.0679139737581411,5.87099578275938
"14",1.51119012225148,174.386013078659
"15",0.940499069524236,105.460818420198
"16",0.0642969976203097,6.34106639299076
"17",0.165797258707465,14.5786589712552
"18",0.00307682423478422,0.316507142740687
"19",0.255232623759461,24.041948343951
"20",0.455985907531193,53.4601575906269
"21",0.0327792373246802,3.57929974592947
"22",1.56727934943081,130.463535824042
"23",0.138174337811089,13.070369453368
"24",2.4962151691864,248.648975133027
"25",0.13497370871503,10.9325147421129
"26",0.553448709666174,52.3838580730877
"27",0.463711561157595,46.4272622603987
"28",0.000812996856864625,0.088619589951534
"29",0.495643289163277,45.5475445996086
"30",0.000425846742284125,0.0412233034131385
"31",2.60166762021422,237.28567883579
"32",0.00464346769273455,0.523552865635245
"33",0.0559562894350944,6.31290729319607
"34",0.942190302208946,95.4412995410468
"35",1.25327863056152,132.102159332989
"36",0.318673676680975,36.3629499431399
"37",0.0257709152942906,3.01055468804986
"38",1.44251465395083,117.773553822528
"39",0.225424730071698,24.3637851149079
"40",0.125140831277956,14.7601249422873
"41",0.167537750104442,17.6037784184536
"42",1.0909867648301,116.461751086564
"43",0.957482299867735,96.0517363168303
"44",0.451303157504396,47.5060740282379
"45",1.8679358543084,181.749922422768
"46",0.440982376692931,45.7410045862772
"47",0.659042580002808,57.7145880409462
"48",0.278630021107328,27.2693562289026
"49",0.484595805684967,49.4117361221695
"50",0.0316384339892762,3.71326161309586
