"","value","cost"
"1",0.817566795497773,73.4245948112468
"2",1.35369612798388,141.383655096952
"3",0.00638002832454609,0.603590009947974
"4",1.37167069051346,125.156789060892
"5",1.3746007521006,153.225990890212
"6",0.826178350344372,71.5896353574959
"7",0.221845258917958,25.4698675618295
"8",2.34903876019204,260.578269608403
"9",0.725468894496311,80.9225980532738
"10",0.430206189147961,44.8502910869109
"11",1.12907018784491,123.07738327673
"12",0.0926126040139306,10.6940862403233
"13",0.15818025188874,18.7417253104746
"14",0.0537266699883565,5.86415166249865
"15",0.236941695719799,20.3068236643038
"16",0.159974561874871,15.4981166838635
"17",0.222340890221628,21.8794251256402
"18",1.1721918102174,97.9823178988744
"19",0.118671805207649,9.60938236891107
"20",0.000271973515134321,0.0220037162942832
"21",0.790336703494949,71.5427673740463
"22",0.00430928071038997,0.50813449806797
"23",0.834044157980908,82.2379600691812
"24",0.0424923516245327,4.90284836038641
"25",0.0245468235425679,1.96617464589066
"26",1.32044859550325,157.049720933992
"27",0.016445402441587,1.39242720969587
"28",2.10767575658471,170.003675268496
"29",0.0470720259945164,3.79238077404277
"30",0.353851159397864,36.0603067273888
"31",1.667214231731,193.397610338179
"32",0.659312732484972,77.2777958555436
"33",0.0488294740972536,3.9769822472264
"34",0.357548264797147,41.9292210171452
"35",0.959182227462782,111.274154888765
"36",0.790209822218421,80.5666485762273
"37",0.151012996221661,15.3349523530555
"38",0.00254106415830986,0.220920798073456
"39",0.0123730367754768,1.38810916941228
"40",1.73720729566017,139.911723611965
"41",0.0257752014308367,2.72639833654994
"42",0.432165838561312,38.7892087793315
"43",1.06576456118145,97.5630656135905
"44",3.01989124689517,243.28624057684
"45",0.13792972049965,13.6508291592783
"46",1.24651966983702,115.139205385812
"47",0.0213497450905572,2.40809300383691
"48",1.91385690001674,187.137090773613
"49",0.120543881666237,13.9456936790368
"50",0.4484974107822,49.7490802892899
