"","value","cost"
"1",0.00546847692625481,0.60168451415498
"2",0.88853043612313,97.807911404193
"3",0.253687929634519,29.8133296810348
"4",1.49444399436183,158.039824453438
"5",0.099731091460049,11.9636293503969
"6",0.232970695848711,27.4902914367607
"7",2.08240166761109,188.75992326239
"8",0.0966758355691272,11.5062644437241
"9",0.82059341163126,67.4991646725
"10",0.826014386423298,90.7053432824012
"11",0.0771916556012748,6.84335202092891
"12",1.28081666710699,133.60430438973
"13",0.204725840230134,23.733704352415
"14",0.955352710467123,110.845657366741
"15",0.0958089641861955,9.76436843524415
"16",0.0632764988013628,6.75917621845124
"17",2.32997201130214e-06,0.000246168780304409
"18",0.0078962438960829,0.712409346874273
"19",0.761714354735043,65.5423626881537
"20",0.15677385514343,15.8839461747937
"21",0.358519373501405,42.537037574918
"22",0.521039849513688,57.3229299141162
"23",0.00297931786519815,0.29137441884409
"24",0.0494149108734372,4.58867744382921
"25",2.33540062861009,208.672996373769
"26",0.586855998088906,62.8431183765259
"27",0.0284901198248157,2.9631388852539
"28",0.119831164386807,10.8891769847122
"29",0.0586438541266868,6.70634875881205
"30",2.53465760692164,249.798814233262
"31",2.01616814080049,171.373587810676
"32",0.582356510668493,64.378878958528
"33",0.106486365273578,12.603575135348
"34",1.48472961174587,146.285410169136
"35",0.00999540873686586,1.1529570767983
"36",0.0243807824570862,2.51750094081995
"37",0.0010070803754751,0.115257018752859
"38",0.101324141501958,11.8178254055486
"39",0.430912492149772,39.1606939316363
"40",0.349659151470631,40.8493367764828
"41",0.327515626377285,35.5487600887914
"42",0.0217458722320507,2.54444648339382
"43",0.759273332508304,85.3517371275115
"44",1.43144762393762,118.538513068929
"45",0.259609958935533,22.3965680175818
"46",0.29163119061447,27.1143980793196
"47",1.2891124958883,117.251461798533
"48",0.892074361890315,85.270477616681
"49",0.101344302620863,11.5747229120931
"50",1.13706804945941,132.719587239142
