"","value","cost"
"1",0.0232323549039801,2.78042521276601
"2",0.0117444370020243,1.19684165478253
"3",3.09870772017968,271.468120256274
"4",0.417227262798453,34.1963350612572
"5",0.925813259341174,92.6233584261902
"6",2.23341158142977,256.32781231861
"7",3.23017965446448,328.830747552418
"8",0.588874970991033,58.4873358087867
"9",1.12670909116785,133.791768151931
"10",0.116988496526892,10.4262238469636
"11",0.00261555386034937,0.215351914849948
"12",0.127504593204777,10.8452022142836
"13",1.81691149481246,191.792713255439
"14",1.6700014114837,172.276504413265
"15",1.80590184871761,208.693786806193
"16",0.00183462927408928,0.170368485870251
"17",1.05065986177806,119.240918732448
"18",0.88913455178705,82.0271155582933
"19",2.37207102434305,266.218708750359
"20",0.124110416380283,12.4836317165585
"21",0.0310313538374729,3.53775533376227
"22",1.05502581474614,102.033762563193
"23",2.16538889850932,194.192598200206
"24",0.571126742949137,51.0966837183879
"25",0.697947815712287,73.3269733669926
"26",1.23604979714408,125.214035615359
"27",0.00215384917104774,0.180370682932232
"28",0.0252756197560742,2.33617756397985
"29",0.267732833338976,29.4983461431721
"30",0.238459058586421,26.2023351868578
"31",0.0147509409050714,1.51830185090799
"32",0.219478637515698,18.4833779137292
"33",0.1453733166307,16.344676137495
"34",0.00858685869387683,0.822477523097175
"35",0.0727598347797498,6.43124478429726
"36",3.87814302229562,463.582567338657
"37",0.0378361498168572,3.82777357881927
"38",0.493756246458147,40.6184173573694
"39",0.0590423876337547,6.93335160478987
"40",0.137146996833312,12.5039556457695
"41",0.261284301495011,29.7998255262229
"42",0.945230565228855,112.109862014697
"43",0.202164888367322,21.2220914915462
"44",0.00350267695000912,0.333383986526292
"45",0.0331376299314026,2.83323585316413
"46",0.292678676374023,27.1939609954927
"47",0.00204783195143072,0.239715244140529
"48",0.0689659271275251,6.70873722507421
"49",0.250176893824524,27.0060799901569
"50",0.00520250970248836,0.496740594117054
