"","value","cost"
"1",0.71203591529388,76.1116757748151
"2",0.0088388762874625,1.03800860620335
"3",0.0231859013465649,2.4954116954466
"4",0.000289223134897369,0.0334136241024589
"5",0.196886381416248,22.3339524627518
"6",0.00851078092820549,0.808173455414401
"7",1.25547696344259,125.94035520021
"8",0.27177228051748,26.4012371046729
"9",0.118206392435812,9.658503415237
"10",0.445199746188078,52.9116689098915
"11",3.47351465514876,345.595662124948
"12",0.624519693901037,73.3472069853058
"13",0.71439581490193,63.8959504864024
"14",1.06036908066384,121.14694495008
"15",0.0398604898170748,4.08274274661447
"16",0.0843210287893532,7.07715634805288
"17",0.200103660744093,16.5087516133972
"18",0.368719533360391,34.0878706469176
"19",0.265495105528381,29.8695390352116
"20",0.821716166340454,76.3233615165425
"21",0.49344488244174,46.3065071004582
"22",2.01092317098286,191.815202295551
"23",0.00109940972381087,0.094987482265944
"24",0.229208187256369,18.7136161075437
"25",0.740993607252567,64.3151670706181
"26",0.0356489867955216,3.08154264039967
"27",0.0765896278758414,8.12888651386436
"28",0.0145198033510209,1.37321431936109
"29",0.440116384136106,39.2511716987586
"30",1.37184114890104,143.858170573411
"31",0.556580905474737,46.9310388269767
"32",0.341473772125541,40.771360089803
"33",0.148239999295501,13.3773474987264
"34",0.167682489742537,14.2752919634345
"35",0.000868366239558735,0.0994235247549005
"36",0.0825129828344003,9.74488816132479
"37",0.159565900973259,16.5319639197159
"38",0.0278682714465333,2.811179749749
"39",0.613465176767866,52.1950147074865
"40",0.829476542101917,91.4768004320116
"41",0.000122929536720749,0.010304814256321
"42",0.0836962969475135,9.76693856383578
"43",0.0666912452642598,7.79832956069162
"44",0.0154246819024803,1.79545003886348
"45",0.378229496158852,44.268828379431
"46",1.05030801659382,106.123312176507
"47",0.789689807223642,86.9456111474099
"48",0.0973434537965873,10.3308623767796
"49",0.774914387018149,74.3175088933377
"50",0.00487371632433116,0.445069483183428
