"","value","cost"
"1",0.578013484698144,47.8445593211172
"2",0.478782724987096,53.2618579660002
"3",0.329444620053487,37.8035365899217
"4",0.37828686054594,40.6016093185791
"5",1.92262960327477,159.835614822526
"6",0.161003722948809,15.2612745561923
"7",0.222947343485071,22.8625472411784
"8",0.303674071248823,35.4522458300347
"9",0.104577420798131,8.98553790079605
"10",0.281499525039703,23.1456431397631
"11",0.322748832068779,33.1976363459271
"12",1.34390037113526,153.993817873816
"13",0.0471998855827081,5.63285126560574
"14",0.525295500078941,42.43277595141
"15",0.0853322250301691,9.17680312178457
"16",0.327699044466635,30.0683464121731
"17",0.592603847430954,62.2140771773605
"18",0.120346002913994,10.0542800299045
"19",2.23462616429906,221.561788483422
"20",0.369068961682935,42.7910894269708
"21",1.72164423604307,182.324742138889
"22",0.0338627799098531,3.54833853570399
"23",0.306310955398081,29.6297351933823
"24",0.0442060532907166,4.54279819269795
"25",1.08516915586391,98.9492219482384
"26",0.12968156738814,11.1404632466274
"27",0.741827687102021,62.3958463099912
"28",1.28298240413126,130.473446815718
"29",0.727121848259008,71.7172239574755
"30",0.0236947366558132,2.76812389227785
"31",0.113440444697563,10.5627230733448
"32",0.28299698667492,31.3798492240537
"33",0.240857984465533,23.6473512662365
"34",0.08929191874554,8.03803246854354
"35",0.0695019015786916,5.84482214170529
"36",1.42261732038838,165.155265455746
"37",0.0192917657836164,2.28859831847063
"38",0.0423437502393953,3.65492022168162
"39",0.275566968971631,23.2212093059955
"40",0.0639610182015571,6.3406168271795
"41",0.387242978318605,33.5241088523165
"42",0.237084743660063,20.1145942099354
"43",0.081748634553291,9.39186340599501
"44",0.00777239221597187,0.758405208394381
"45",0.0678973425322571,6.21530841352566
"46",0.516153909883457,57.8759571361019
"47",0.0837632368076512,7.52319420329586
"48",0.323790267053664,38.5807919014411
"49",0.0215053702650815,1.75441195685415
"50",0.179002030019689,19.8564145850621
