"","value","cost"
"1",1.43685258535574,171.033715120649
"2",0.0195661920377509,2.03800168544241
"3",1.75232142315421,143.514629503439
"4",0.111348070370479,10.6978596406604
"5",1.07847123425899,117.726579456077
"6",0.956677397778898,106.897437156932
"7",2.73168397757512,326.473827526382
"8",2.4954461904084,231.316504829455
"9",2.2387779830946,257.501997592815
"10",0.0146953671812641,1.42780585156434
"11",0.285655294593121,25.0456900472904
"12",0.0217630365365604,2.44502743270163
"13",0.751657624072179,67.5380250033937
"14",1.04119519785945,110.575028602077
"15",0.247976595077223,26.6578419882212
"16",0.0111131023838137,1.30987125387029
"17",2.64998469059977,254.542601655554
"18",0.305138372707987,34.4204928288012
"19",0.0442318621910104,5.21372509141675
"20",0.0919861376398218,10.4514581185955
"21",0.00949757157925141,0.904308727356251
"22",0.0172382832564535,1.76297477346541
"23",0.0295492870431857,2.7449947704658
"24",1.05994698015012,93.3720071863756
"25",0.0539402464146831,5.06019067274647
"26",1.17852674675735,109.908273967328
"27",0.168317530945904,16.6730123631098
"28",2.09482565904273e-05,0.00214329755475432
"29",1.01869175254138,109.76639606089
"30",0.23446226758699,23.0854720037215
"31",0.064195122179027,5.27675719302147
"32",0.0748963188992707,7.04872187455639
"33",1.05879645725365,101.614597039402
"34",0.00109638876256551,0.117841258987658
"35",1.02028111999315,84.9093416889475
"36",0.626365850250082,57.8999340444828
"37",0.177900281487283,14.8506426260653
"38",0.0490953593752284,4.65087257035988
"39",0.118079393979808,12.5234146484433
"40",1.60562574301237,190.499855792177
"41",0.166462915377847,14.3770534846585
"42",0.119932969866151,11.6018217018693
"43",0.135646992212841,11.9853719288922
"44",0.506391452725761,50.7770974849139
"45",1.07466133058937,118.689253335881
"46",0.584921037725522,54.9288343000445
"47",0.399340763223433,40.5342133039251
"48",1.13678295994159,109.951476336356
"49",2.31004186795107,262.811176069687
"50",2.59093646292177,209.891854380887
