"","value","cost"
"1",0.245041680642199,25.6296059336964
"2",1.68236309212817,199.857775422386
"3",0.283026813862597,32.2986411609556
"4",0.447691874273423,47.3927277344124
"5",0.255582665714785,29.7890365561948
"6",0.174145627030922,14.239727014835
"7",0.22307979489457,20.346091545642
"8",0.0869445417716216,9.46629231469277
"9",0.123000933524751,11.0002327289209
"10",0.0166134205894894,1.91173635817735
"11",0.820221025630219,77.3107445638424
"12",0.261966413151753,23.671328391497
"13",0.0112598192639885,0.961823476601308
"14",0.428299365562709,48.6297607797753
"15",0.278562487568675,32.1940954726016
"16",0.129450851709257,14.4518919393327
"17",0.0138508585879926,1.4386016157114
"18",0.205488628651076,23.6518425981474
"19",2.57570071887394,221.104321260806
"20",0.0633459167073314,5.5498936322422
"21",2.14816087114165,256.939411594716
"22",0.0493630240922058,4.60128915151372
"23",0.323056932070333,26.1952818741525
"24",0.845780102505004,81.117667300746
"25",2.57210080301355,220.46783538434
"26",0.525650051276406,50.2018696425285
"27",1.36137718695017,116.815892184983
"28",0.846546165995196,91.9136553791593
"29",0.206662597283158,22.5341440154199
"30",0.365411641255468,42.8072218304748
"31",1.45391517185348,159.082431597671
"32",3.40031681273602,353.10020890498
"33",0.437425439607072,42.9572593987553
"34",0.0515612863025074,5.58907061189209
"35",0.424251191928524,39.316168909176
"36",1.20095199605932,142.324779734066
"37",0.0802012819444771,9.55868904724908
"38",0.0496795754815675,4.29554675224073
"39",0.00263856991697898,0.224186570716287
"40",0.183307839137681,16.525312874805
"41",0.34846332818042,30.7815383109834
"42",0.0537136386320507,5.57818884339596
"43",0.33123438126951,36.7376042471955
"44",0.411470412613014,43.0245626883398
"45",0.521333392809477,41.740670520359
"46",1.86708196860739,216.595443488002
"47",2.32022453687292,192.665016596547
"48",0.202699106183537,16.3378151901703
"49",0.230269226476398,20.41584321941
"50",2.4096999203282,259.099943871771
