"","value","cost"
"1",0.005782278171663,0.6389810316309
"2",1.12685240625881,94.0217063823309
"3",0.534050084172007,53.6094728157107
"4",0.011769789518059,1.16252825231023
"5",0.0855042094547796,6.87345013831295
"6",0.475483526597503,48.6279567024946
"7",0.00533177669041214,0.593763594683323
"8",0.617698707094219,57.1963595600239
"9",0.0232753713730688,1.94061133485235
"10",1.99635788614739,178.554437905156
"11",0.163586509721283,17.7880505014986
"12",0.0584553159479002,5.21472809997319
"13",0.00635452578092306,0.650169733751395
"14",1.91073210451942,173.269118063527
"15",0.166113169603903,17.023637869492
"16",0.0833550517024547,8.33743821558987
"17",1.40300499618189,158.756284174184
"18",0.148866633815178,14.2915660571756
"19",1.18924828293393,131.57692186568
"20",0.121236565742237,11.9054732963527
"21",0.00105929220876375,0.112250801162273
"22",0.882129056132773,103.225793915771
"23",0.26489628232522,21.8572792119315
"24",0.000945752897994432,0.0785177635501991
"25",0.0414285709983805,4.5841143996616
"26",0.0500840399902556,4.38858081535159
"27",0.320422922939197,31.2634834556733
"28",0.565788135368501,52.1435601801188
"29",0.000773029060832067,0.0626986020381678
"30",1.41339505226835,137.336617581118
"31",1.64696849629358,151.603925197858
"32",2.27531950333596,214.548808671843
"33",0.120408345273816,13.1639260600115
"34",1.17119478158854,96.8914870039818
"35",0.149770696589727,16.3435634914717
"36",0.0750829327367697,7.03411534856999
"37",1.60451443015691,180.945095853656
"38",0.3158142675043,32.2799248067054
"39",0.296666322179401,30.2804047409716
"40",2.67789513883732,254.758401447124
"41",0.24000900358313,20.362746046587
"42",0.0907599357395086,7.34304291007864
"43",0.150389052269665,12.4645682899771
"44",3.15929669294212,303.40982561209
"45",1.58847639838462,129.210950096158
"46",8.51714852828534e-05,0.00936245242165368
"47",0.0191594953892222,1.65255759729537
"48",3.55173650072454e-05,0.00384447567965432
"49",0.399047449165319,39.6996254438172
"50",0.914453819621026,95.1826513539603
