"","value","cost"
"1",0.311802631932028,30.6024482282586
"2",0.610015187649802,67.1339421194472
"3",0.116481950083637,9.85114485169243
"4",0.0578415071917044,6.07024966375477
"5",0.0586458953809211,5.41092957015905
"6",0.151640324143084,12.8756283682459
"7",1.45089764131082,163.798056262738
"8",0.137428566678763,16.0986904319117
"9",0.058860253246343,5.10218203791394
"10",0.00284531832127929,0.275949295926283
"11",0.0952180909944373,8.33725388786763
"12",0.197732376251455,21.1517281447811
"13",2.61125872898721,239.793686887921
"14",0.115754751510327,11.6300426496228
"15",0.222982657608951,24.550650751008
"16",0.000735088850489647,0.0768498064839616
"17",0.0574982014142714,6.42764631869713
"18",0.0800550406370549,8.23104490633085
"19",2.33200763407966,276.612107320818
"20",0.0193807357388735,1.77400795108594
"21",0.0235190634871056,2.2802752932238
"22",1.04560851715985,122.30660017332
"23",0.148693679674081,17.5726160047761
"24",0.207723165032538,20.6191701293346
"25",0.0204163649367668,1.82941747524072
"26",7.35237325796721,617.105746553426
"27",0.921233336605263,99.8348873126347
"28",1.26458623121273,147.848356549131
"29",0.00865628022904408,0.868589929412177
"30",0.176520177016607,17.0786698860237
"31",0.0225931897961534,2.50826716525901
"32",0.624733533406384,59.3853141652133
"33",0.485192504905305,48.2270621445255
"34",0.825701696704784,96.7395580102008
"35",0.319115016437638,29.3820067870634
"36",0.000710915725313293,0.0767497134290973
"37",0.0114492885874759,1.21733230606913
"38",0.146578470654185,12.5076992161691
"39",2.41736090924835,212.306992552766
"40",0.0694575864744459,7.47014284882816
"41",1.29964247429877,124.601915410378
"42",0.0179375883855972,2.1435183327788
"43",3.21680750366767e-05,0.00259548622376123
"44",0.526542581923498,62.3518401773565
"45",0.546324490621354,52.3376914214587
"46",0.105160990437052,11.1861574222757
"47",0.0136498119796642,1.16399765431993
"48",1.38126722214942,157.244766136924
"49",0.595776337788584,63.9119321600501
"50",0.0293693025586467,2.92751515600845
