"","value","cost"
"1",0.0183317270296618,1.60430967915197
"2",0.332428844837962,35.4830765489121
"3",0.954044147062181,81.6460472159124
"4",0.00194906790892522,0.162392913003506
"5",0.788803625427437,90.8434874793408
"6",0.0181301566361169,2.14340170708716
"7",0.0419389942584298,4.72144161535008
"8",0.0221840563125499,2.35571113281085
"9",0.225632096380298,20.4947918078521
"10",2.13709845986817,181.083492473053
"11",0.067294159496085,6.45255116444346
"12",0.0227862357731821,2.45256618515648
"13",0.0193684740016074,1.77900874108963
"14",1.37491735408481,137.158091408518
"15",0.0583538434575374,5.63892534568032
"16",1.28316711927327,121.03847658399
"17",0.3354493106773,28.5319012896198
"18",0.447087534321207,36.3618374426759
"19",2.33778337453899,210.460967161142
"20",0.00021625897829218,0.0258859044224283
"21",0.366555452915657,35.0890979576321
"22",0.0231679607655501,2.67538103203241
"23",0.0100604248631048,0.843468613774153
"24",0.595406924099487,58.2252873365058
"25",1.44273248903045,133.529991276116
"26",2.55840156185654,266.310289117301
"27",0.00497752350993462,0.559811822291705
"28",0.0678359164378061,5.48276149009492
"29",0.372187691616994,34.0271258390912
"30",0.193837064151555,15.960131993358
"31",0.636742740214322,74.6076769069702
"32",0.0986884366455684,11.3497114896259
"33",0.677076172967772,54.8748324432214
"34",0.0360554780642207,3.57302453067422
"35",0.0499465212170256,4.1123119879092
"36",0.925998992412093,80.4547843733204
"37",0.208764979146877,19.3894441629909
"38",0.0921991388929193,9.10099993033514
"39",2.50274731156946,235.516602245884
"40",0.314981490125334,31.4907678670993
"41",1.10724394938732,117.41827540235
"42",1.95690745294486,187.579599735969
"43",0.437830947258529,39.894051216865
"44",1.08588614038676,124.28091864887
"45",0.131497152804482,13.2571226910354
"46",0.091731684014304,9.3968171613157
"47",1.21949034246494,128.741674024803
"48",0.0267996933413474,2.5405187122733
"49",0.295451937091851,25.7397483975404
"50",1.11101984388452,129.700463555534
