"","value","cost"
"1",0.00544340781437172,0.540122947677385
"2",1.74478144392033,142.644641053678
"3",0.758278045614015,86.1031577832944
"4",0.0659576171079096,6.02973989487978
"5",0.0368511339615327,3.44429092751293
"6",1.33227756892263,109.922833618515
"7",0.156097130946614,17.7466003144616
"8",0.335976278073148,27.8783363176921
"9",0.0581250467947433,4.95909600391523
"10",0.426633611038404,34.8771721203648
"11",0.188806638755497,20.9557465592343
"12",0.107798214930035,12.3387398557134
"13",0.0234719306114936,1.9491366452166
"14",0.0964381779008295,11.3870867394657
"15",0.54671575146807,62.8802810549451
"16",0.669247814839369,67.4855332243014
"17",0.00366993197450033,0.310258649691318
"18",0.000365885350679253,0.0348435028948263
"19",0.997356421210662,82.674008582936
"20",0.585728862992671,59.2509071209706
"21",0.00758261299225242,0.746630067753491
"22",0.756395158417263,77.7252915033878
"23",0.0935395948318145,10.1786691604228
"24",0.700733572954322,71.750299979655
"25",0.162346654633572,18.3858139635989
"26",1.1328337531818,130.61083665245
"27",0.792822056021143,70.2410846167299
"28",0.194125514401057,18.9558164306186
"29",0.0058428569490751,0.527339449568545
"30",0.392167350556137,39.2283358358435
"31",0.0235758034931338,2.80381001951141
"32",0.0558058713311353,6.44203469739639
"33",1.18194533568049,112.722825109555
"34",0.0925495243799096,11.0417349243952
"35",0.329726425101695,28.7372134293654
"36",1.58176211374265,172.986697894503
"37",0.0565861201623913,5.42380884808792
"38",0.00174812072884866,0.204567531781542
"39",1.53622461674815,182.776653423916
"40",0.236167617255029,25.114424756976
"41",0.101210421517934,11.4159394906221
"42",0.300988871766065,26.249253244799
"43",0.310283834558669,34.9117747827266
"44",0.367258465568336,33.9772434403573
"45",0.232621076941751,20.4206043165145
"46",1.11759926813057,113.188105984278
"47",1.94953183837125,171.406918623435
"48",0.944261530448582,104.108089881816
"49",0.334572361141733,34.7019163240083
"50",0.0347939656330158,3.55606117645148
