"","value","cost"
"1",0.0856339251682636,7.0933434520476
"2",0.0555105066715894,5.69269448395201
"3",0.616857544954159,65.4763177924918
"4",0.60661556861934,67.4345380012449
"5",0.0103723643891664,1.0956001334072
"6",2.19335966776507,224.018333742648
"7",0.30263012879836,30.8474259839987
"8",0.0655247420689077,6.2100926781113
"9",0.271512897309405,28.2362505125055
"10",0.0114452617640008,1.04397917536024
"11",0.144233525829361,13.0931425260492
"12",0.834097196898105,88.1702605296036
"13",2.75888349520472,260.511194690706
"14",0.558412167479797,51.0149112698169
"15",0.322113832336836,33.452221110532
"16",0.0771780887959744,8.00322011178199
"17",1.38571340130905,151.689801779155
"18",2.07616642062061,180.079287008995
"19",0.0577045570112596,6.71224723497185
"20",0.00596579595497091,0.610270089918144
"21",0.299536573215064,25.9934382424625
"22",2.92625806354647,310.554472370789
"23",0.000248894618702365,0.0288195887515749
"24",1.72804320163415,152.67382491796
"25",2.23086310493893,212.385723693147
"26",1.0696548229202,87.2191813688078
"27",1.67645340635476,197.529286234743
"28",0.441301512153819,51.0266936514523
"29",0.912579464260743,92.8739357569461
"30",3.8817140658794,355.949207065704
"31",0.545264781226094,60.8512681329288
"32",1.11461577650733,105.264220456928
"33",0.0589847014127599,6.72703966046244
"34",0.727249698018345,82.1257970727418
"35",2.84103795360595,320.150848129915
"36",0.756544871352204,90.6632975682734
"37",0.0913362434404723,7.70118816023811
"38",0.330670937481801,31.3587699966071
"39",0.366964670372084,33.2022789290753
"40",0.209881992331077,22.577069725983
"41",1.14655684946599,96.2045967342312
"42",0.201095295819492,17.3616426544079
"43",0.0241960170124946,2.01138843246905
"44",0.994482128092631,116.102309781245
"45",0.127894297438801,15.057621576936
"46",0.361920031113851,42.7361220286418
"47",0.970112076388294,82.6942001936345
"48",0.296490141314723,26.9153304607465
"49",0.125439216119385,14.3886342833914
"50",1.71563887369824,145.970057036356
