"","value","cost"
"1",0.0674060739260757,6.58436815169241
"2",1.09595833085584,123.636950903605
"3",0.427182957788831,38.1717153911563
"4",0.0809638979160538,8.81516257862395
"5",3.69364609192548,379.214086694169
"6",0.0969563691559795,11.1020209300527
"7",0.614882533693431,63.0911144886107
"8",1.06227901930663,86.9511587027792
"9",0.00733568237519847,0.592578737098085
"10",0.061099404234381,5.68701957451637
"11",0.000223164512135462,0.0189137198958687
"12",0.692818023097093,81.7853079997067
"13",0.938762958262871,105.946536094126
"14",0.58301853707746,67.773470834011
"15",2.47944066456209e-07,2.23575419487503e-05
"16",0.916101581773869,87.5359113099924
"17",0.140130233681724,15.6211442825541
"18",0.890985321409066,78.2851438751892
"19",0.024424139240253,2.15125751731212
"20",0.349862961374939,37.789997413382
"21",0.370360297301734,44.4430131617022
"22",1.30178097334497,114.546324854985
"23",0.666947113595345,71.0420826178214
"24",0.493297313160395,43.0726735658889
"25",0.168061536404243,13.9355140465933
"26",8.15176749993645,680.163594858433
"27",0.998227803105695,86.9497449066405
"28",0.790360434829823,63.7958891842828
"29",2.65919867771506,236.619448699122
"30",0.230844824402057,26.4317531109978
"31",0.576774294627981,64.9810983513051
"32",2.07642874564089,242.267268193436
"33",0.211891574181428,19.6352190114764
"34",0.0754704694594283,7.24867529057504
"35",0.405311383975761,36.9133725415093
"36",2.17499347845361,238.578685337189
"37",0.25178037282514,20.5907250523886
"38",3.86513681397984,450.532220340653
"39",0.0740751601835756,8.68893932561827
"40",1.02736114387589,113.970863284261
"41",1.35905197661664,159.72206990466
"42",3.29152554652035,375.172655140952
"43",1.41409172536707,132.881297684732
"44",0.31001359147404,35.7733020959705
"45",2.05893389251231,233.588718901477
"46",0.282661157747591,27.4680941944688
"47",0.0141377133534338,1.43044962409797
"48",0.369744630114358,29.6192856580631
"49",0.0408580353110784,4.46331684258599
"50",0.115043558202923,10.595609655983
