"","value","cost"
"1",2.34834656575253,193.521403470268
"2",1.11370830032419,107.188946141431
"3",0.225687675599676,25.8035244405426
"4",0.147055063175098,16.459925325941
"5",0.0483820978103541,4.8431345055421
"6",0.0436572792609041,3.500231320329
"7",0.307283598329994,34.7218508327083
"8",0.0809280265792262,7.5454151544312
"9",0.0216488027040983,1.8264133435572
"10",0.0466765157293433,4.91315022493279
"11",0.0126379200222487,1.34732399399402
"12",0.280832384181979,31.7725115259557
"13",1.15694038259047,124.291815062684
"14",0.0887219030373611,8.24892349960612
"15",1.71860120006643,159.607900777384
"16",0.984128764465231,93.5535179396001
"17",0.495707996640204,58.7635238928637
"18",0.141935328681259,13.44590384985
"19",0.152628631933283,12.8654495017256
"20",2.88157127039088,242.396252429132
"21",1.28908400052432,127.836330567633
"22",1.29347292239533,138.990433544726
"23",0.806774708883127,83.3735480502162
"24",0.947333259735583,92.4682110278376
"25",0.581775847193971,59.0815100295397
"26",2.07729174219941,172.13407395066
"27",0.00126399525409272,0.141777674055396
"28",0.345967589898011,28.0639019081236
"29",0.588163896989379,51.1185639278099
"30",0.0095647888028916,1.0256878472537
"31",0.557722449963816,55.1315629475466
"32",0.0896321851522079,7.81358682626027
"33",0.0665670235120494,6.83396082985378
"34",0.096417882126775,9.33390984459176
"35",0.912719949243722,73.4268992156509
"36",5.42568454893851,443.666502238109
"37",0.402498730900503,38.7196780641352
"38",0.736549474724965,70.8412778600871
"39",0.15355900521889,17.0368604559534
"40",0.0724790417102488,6.28759336351856
"41",0.0894838308527892,7.42566073034105
"42",0.0343570261040405,3.71678920956354
"43",0.0072775159038377,0.602630493671179
"44",2.6352137829824,244.937972511275
"45",0.113707378869593,12.697232734311
"46",0.0291587713106555,2.79569352806829
"47",0.702506844126804,71.0935085240604
"48",0.311161346952464,34.0019027922646
"49",3.94227153064884,406.000894963318
"50",0.0115181170953617,1.04337729644514
