"","value","cost"
"1",0.945033605741183,94.4508328080029
"2",0.0214241742238533,2.12078259517761
"3",0.266178863625937,29.3539985588246
"4",0.656079989385184,76.0289312242821
"5",2.66050281982341,274.145541494413
"6",0.157627820411871,17.4227164864365
"7",0.926674422789238,99.6613455112774
"8",0.437235177536597,44.0836362365183
"9",0.354817353416524,32.6748953638062
"10",0.0191098826958648,2.24020847113976
"11",1.60301562344083,165.880835874728
"12",1.53913715939395,181.785495972345
"13",0.46666656779089,40.1271641437908
"14",0.646833417378208,69.3950055513973
"15",0.293752412304052,27.7568885007041
"16",1.22553000034035,121.312302341181
"17",0.167900170117834,15.4784491925734
"18",0.00409096724695314,0.382024014255564
"19",0.55175757518636,54.138020330757
"20",0.610211072406453,60.4277307875562
"21",0.130268052082336,12.4661102007831
"22",1.47852039751418,160.652699245548
"23",0.297987497904753,29.2059691778068
"24",0.000369633744714161,0.0333369129610881
"25",1.41842443246994,118.943296271629
"26",0.553007889783689,65.7888421205257
"27",0.386375842088407,44.7600598965672
"28",0.0265884354728986,2.80153747428471
"29",0.00912459164326936,0.731634366555938
"30",0.484344443972934,49.0316638136016
"31",0.590571489545199,50.8703878743861
"32",1.03641230425943,92.7217189648558
"33",0.749093327651611,88.3114521332979
"34",0.371798066522633,39.3994378028322
"35",0.105344802770182,9.06898031366569
"36",0.102686989857169,8.36099972446926
"37",0.0373353448528399,3.33941825614094
"38",0.469683501907717,38.8645387482872
"39",0.041230333511966,4.44712970416701
"40",0.112712426327099,11.4340615306716
"41",0.370243738813098,32.2577767808161
"42",2.99341943327341,276.674755800394
"43",0.32566102769467,32.0023210205263
"44",0.0444879079674978,4.25734960572402
"45",1.52745255027222,133.590098281689
"46",1.11120146895481,107.331357176312
"47",0.138327862048242,15.7316636402458
"48",0.000955330399561967,0.0863854332205152
"49",1.08921753841908,96.0553683380003
"50",0.092466460017944,10.9875247225261
