"","value","cost"
"1",0.122202480160622,13.4957216440948
"2",0.835516710612447,87.6616146581808
"3",0.981949666639018,87.5577509681067
"4",1.2870915936456,114.187723336362
"5",0.126563461498113,14.0209542749689
"6",0.196131217919573,22.1004484025126
"7",0.239609129378957,23.6655985460614
"8",0.796912421539739,67.4935323237772
"9",1.06126197524871,95.6103508746909
"10",0.686438679147666,74.9661387336388
"11",0.170157826194049,14.4086081785214
"12",0.682528629685376,69.065015654969
"13",1.40170900516097,117.304694658345
"14",0.0928323229707274,9.22538509880722
"15",0.835471247739767,97.3379570086889
"16",0.161276366646543,14.685858443659
"17",0.415077287340038,38.2917969297003
"18",0.0886018800514141,8.39955157984906
"19",0.0840783198165261,10.0881714265417
"20",0.426308088193284,37.2197149372985
"21",0.575399857308442,66.5033090359854
"22",0.480286969134435,41.1455213539566
"23",3.2054261798155,350.635309404979
"24",0.225218814929362,23.5577954971269
"25",0.752444845925915,79.8513778060337
"26",0.0143734429275068,1.3383330030867
"27",0.00177096262921708,0.183613071254121
"28",0.360388393324025,35.3590453995705
"29",0.832324318321852,96.5382490181225
"30",0.0199314689460997,2.04574372169285
"31",1.21747182255526,113.309669334753
"32",0.811042361116634,85.6346939740529
"33",2.94688941488339,242.612677569431
"34",0.903135242335961,76.3194533203794
"35",1.19223617064199,104.301355288261
"36",0.00650133463823413,0.742066930193829
"37",3.08488832016695,334.017304733669
"38",0.577953581218756,47.5006168129489
"39",3.29238550314868,366.397904919812
"40",2.26821051086459,223.981153580922
"41",1.30375083535339,105.732849674565
"42",0.0131164606595646,1.45368135139884
"43",1.04708105164861,119.189352860519
"44",0.466025616633025,42.3789893166815
"45",0.0637951316281506,7.36938268138397
"46",0.000438706976548943,0.0395089809739506
"47",3.06764612822496,366.393912539066
"48",0.0608135278388578,6.08677321376201
"49",1.9709854499224,216.153690998168
"50",0.0624764600053704,5.87922358992773
