"","value","cost"
"1",2.16625823587797,256.219124281147
"2",0.215424455748921,22.6463007083801
"3",0.00133483812199401,0.150762012270961
"4",0.567233535808526,59.8760998526651
"5",0.139349824988032,14.8355222697873
"6",7.29924208217373,827.147591761934
"7",0.190035545296385,21.1584041458561
"8",0.649345153014916,72.5158698666033
"9",0.222053402621451,26.2468580737341
"10",3.3973674066444,316.378311984651
"11",0.960993471957974,110.016351074306
"12",0.776985402036752,68.360264967419
"13",2.1512453137544,180.684330609217
"14",1.20878302859979,139.308259522442
"15",0.0327867249347275,3.50221628871152
"16",0.201707386795057,23.0185983207016
"17",0.203800943656667,16.9658579773432
"18",0.589712794725229,52.9271477450896
"19",0.426664786743513,44.1953180867981
"20",0.10385465821837,12.1217332072514
"21",0.0497017882577844,4.71285003909088
"22",0.153368999584934,13.3935531905197
"23",0.000360506458113223,0.0337401517256761
"24",1.08871525733304,117.277271115935
"25",0.288633405499556,29.9239161163159
"26",0.206027251280144,16.7707154434715
"27",9.5687091026921,953.152583279009
"28",0.218696722145148,18.2437068340606
"29",1.44546112801041,172.545464278106
"30",0.912511397347444,99.5606472159226
"31",0.905795999156259,101.632634825889
"32",0.434629638767007,51.9104259481406
"33",0.0244642470524156,2.93066920451492
"34",0.283445207975506,26.7288388657385
"35",2.62276950479251,253.458247706598
"36",0.193742683914706,19.0363308559226
"37",0.0948399362705413,8.22794977793211
"38",0.0164273864341502,1.69479449364929
"39",1.81726572246322,206.255479301316
"40",0.0329147184718132,2.78439715952486
"41",3.65988794999042,407.999390932696
"42",0.0713528372987127,7.8451831546473
"43",0.352216730213468,33.5346823835941
"44",5.53975740075503,576.768987572917
"45",0.858460346350065,71.9438893965408
"46",0.286903049249815,32.2251497017184
"47",0.0414075380691608,4.83303479559414
"48",1.80231839063162,180.444127768868
"49",0.0239796504249225,2.85664282879618
"50",1.54043506892535,161.16179207169
