"","value","cost"
"1",0.00492588277409426,0.520954098589066
"2",0.0637528377675,5.20431586720536
"3",4.36242454900541,371.223011152227
"4",0.678886176822954,77.6702192305053
"5",0.516342563916305,59.120560525177
"6",1.81277426925884,164.758887789294
"7",0.00609876473585729,0.650335770742105
"8",0.304433413702444,32.0522366882736
"9",1.38786448417096,127.63119377788
"10",3.06283299213309,285.447527509054
"11",0.0184422002278207,1.98269113425413
"12",0.270541564010308,27.0260279596518
"13",0.168127939409752,18.9784707765442
"14",1.88832609825884,168.956813892163
"15",0.0954236802033968,7.9638793610212
"16",1.89311896707045,175.601144353433
"17",0.216701501228953,20.7861672415325
"18",4.44493237114349,360.084627928067
"19",0.273527530315645,27.6665030885554
"20",4.23968608559238,430.15141846324
"21",0.275928469247079,29.4353396732838
"22",0.0946982099612719,10.9016401807991
"23",1.11281023054966,104.619851543795
"24",0.145359339166304,14.2266124433827
"25",0.064047560721589,5.64582832032157
"26",0.41059532532919,45.81068082116
"27",0.143347439937894,16.0463295992933
"28",1.89171962629005,194.374961356909
"29",0.693744866409197,61.0385550342455
"30",0.504768644711812,45.4830695657532
"31",0.469322678648423,43.1925804018832
"32",0.00343554742348274,0.294373295483699
"33",0.0345472302946866,3.64962789446639
"34",0.0891679213008352,9.12342420871552
"35",0.121232708181013,13.2546587485069
"36",1.09052888430897,99.6921811191744
"37",0.528008210124896,62.6039085080532
"38",0.0196064313054425,1.78620147735511
"39",0.704954559083499,58.4265203193134
"40",1.60813704264046,157.290505145438
"41",0.128083547700557,12.7445394117088
"42",0.927423494796384,110.389183523797
"43",0.0189456973305609,1.55937411971718
"44",0.460828451176311,53.1581528825791
"45",1.75000804391128,141.534926322382
"46",0.000394053492603894,0.0362116772336699
"47",4.47249616122946,407.267721093149
"48",0.199377692909256,23.7371716457045
"49",0.00680505144005952,0.679996655282727
"50",0.701827565471891,57.0901429441231
