"","value","cost"
"1",0.581445305485023,49.90082890464
"2",0.468059396708468,39.7564435062697
"3",0.167737362614947,18.0607307411746
"4",0.647314681170713,56.91128874419
"5",1.13836470773675,114.943831943217
"6",2.05949841340746,223.164828239089
"7",0.445150920561612,45.2377543858709
"8",0.125173816426633,11.8420925577774
"9",0.836875692182979,90.531621926173
"10",0.010779023692772,1.14885133549571
"11",0.694921819446117,75.3201768894484
"12",0.657652426199298,69.0025796669101
"13",0.151169644887021,15.1904376755291
"14",0.671866570666349,66.2424589315806
"15",0.32740324185153,26.5346559175093
"16",0.000537125619354114,0.045972362948677
"17",0.000232288258631163,0.0267735059259516
"18",0.00515394957996423,0.551595662494949
"19",3.08805312216321,359.037831618293
"20",1.43179389456806,140.286234572582
"21",0.0575984639186755,5.92480387720926
"22",0.0479245214613612,5.16599448798574
"23",0.289384768878525,24.5215557878146
"24",0.474423467381519,56.5765921351831
"25",1.77034336488147,161.249947862857
"26",0.000780655858452944,0.0921003979880091
"27",0.346130458068999,35.199138305472
"28",0.751030781530892,87.9336191488818
"29",0.102564024279675,10.2835968133794
"30",0.164049221761931,19.1173588828537
"31",5.02017541794887,489.021889337471
"32",1.15572891816423,124.431936940737
"33",0.0055445839798679,0.665315945820569
"34",0.000143006165899905,0.0142559417615405
"35",0.350765949128941,28.819090121904
"36",0.857967731156898,81.730156950232
"37",0.0015531452709228,0.129473254947952
"38",0.85916157562441,98.5391095423214
"39",0.0216375280033717,1.88891921494138
"40",0.308833213535571,30.5184173049179
"41",0.63266665223262,55.2450637673163
"42",0.00856378004495027,0.832229515730666
"43",0.0913372979990617,7.64817891403383
"44",0.0233367117668894,2.64229759034836
"45",0.581820409408023,65.3084135562458
"46",0.473278499507736,52.3245168415183
"47",1.41381086155334,132.24015015376
"48",0.163168569542098,13.6458795553954
"49",0.10555703247136,11.0209448011863
"50",0.338050460710989,30.4088179664214
