"","value","cost"
"1",2.68233224618395,314.017977950607
"2",0.0846850365654056,7.28659536212656
"3",0.275413167826036,24.3177868308952
"4",0.00198306308748695,0.18608070009389
"5",0.173347664992696,14.4389796309411
"6",0.186160887572296,18.2149737057526
"7",1.63238976386555,144.470464250183
"8",2.24020287043033,204.736714204986
"9",1.43935857968894,152.729121503016
"10",1.18660851560852,95.8091230369298
"11",1.91443111554599,166.950653086649
"12",0.134564540358431,13.1049604122488
"13",0.39802330499749,34.4847703156398
"14",1.0140529559341,117.247031912824
"15",2.26746066043412,227.113681432738
"16",2.04968484713118,165.730182889536
"17",1.43384430148858,127.957052087149
"18",0.00299495401837028,0.248471833854109
"19",0.236580910004546,27.3920316328584
"20",0.493903005425946,42.6736428193241
"21",1.27049580527117,108.632151055273
"22",0.817938703431061,91.5032260343797
"23",0.013476900196113,1.29141266653119
"24",0.478091656673436,42.4150674930971
"25",0.000746305867062508,0.0723570941031328
"26",1.23862178430691,146.515978917076
"27",0.000132742195585923,0.0142757811253045
"28",0.000429771378407697,0.0421144154431797
"29",0.0417136527122966,3.37388670525194
"30",0.104866494991566,8.65897413506301
"31",0.0423172415688426,4.36090179994956
"32",3.43686789773168,353.604768155086
"33",0.0141272691957559,1.18197529699976
"34",0.692958107146592,58.3925358788131
"35",0.801353256432888,70.784859950067
"36",0.522504694095619,47.2648580058084
"37",0.66579503716499,64.2343107505125
"38",0.0239123436801643,1.96876071005754
"39",3.70329079438113,359.621515564337
"40",0.141744124722264,12.1205390040099
"41",0.080799688270591,6.82607247930049
"42",3.19003678512655e-05,0.00322462244332893
"43",3.94559342671508,392.927806586516
"44",0.299065931112778,35.6320373386319
"45",0.0276774916604604,3.08047022819459
"46",0.0195773408334502,1.57442676421768
"47",0.0180703682785086,1.89986478243566
"48",0.210575507972185,20.4776188221547
"49",0.452733163485861,46.0020973135107
"50",0.206750040027946,24.7675395525515
