"","value","cost"
"1",0.0192211611732788,2.23416006024361
"2",0.791139995122438,82.9279889929077
"3",0.0534871593064851,6.24138831215685
"4",0.370840516193445,29.923828784975
"5",0.608590566417994,52.3172612336919
"6",0.0760787882242289,7.01923456768256
"7",0.0988858687970393,10.1395246783625
"8",0.172253156378452,18.7919752428642
"9",0.217781471919598,18.5066378535825
"10",0.233087525843885,19.7033493583602
"11",0.62249081891741,59.9155443299262
"12",1.42182658368275,155.726909579662
"13",0.0324407957996879,3.55327965203763
"14",1.8879326350296,158.202206050475
"15",0.0637411918955568,6.45638079965095
"16",0.175943149981114,14.1103353027666
"17",0.175928114194187,18.9389832970824
"18",0.00611488988722873,0.498964171422952
"19",2.9347060872287,348.863489778635
"20",0.00108518886040762,0.116371177490651
"21",0.87237949600052,99.2585373901935
"22",0.00111289932304703,0.131226371334827
"23",1.18566118469989,122.380039059344
"24",0.404056143911598,33.4035771024297
"25",0.692850461921814,74.5509203100248
"26",1.11793364782745,96.2215238186194
"27",0.330210189988793,26.623014647171
"28",1.05792818309144,113.210411496271
"29",0.200641658990024,17.0084249991103
"30",0.576536622496378,54.8615978480287
"31",0.265766190682088,23.4932969355664
"32",0.598969303083357,69.884877911304
"33",1.41959755593504,162.757169514966
"34",0.0439173856739495,4.1764447224459
"35",0.0542998767382125,4.47016497058854
"36",0.0145158362177088,1.51465682758189
"37",0.014845220916989,1.22663550622195
"38",0.089509566111269,7.67182535724231
"39",0.0413398421753658,3.67079066368306
"40",1.16419570213388,99.3494677369158
"41",2.9534559208505,262.276939560015
"42",0.557258414536283,56.7549685543143
"43",0.354634740131557,30.3126518592148
"44",1.97340458481082,216.113905580466
"45",2.59728514905018,304.064958991003
"46",0.546048839600524,64.1048700091664
"47",0.000258151413488915,0.024802010044399
"48",1.4904264576421,124.296414418333
"49",0.14469276959029,16.3530619064251
"50",0.0703119984038229,7.32427275750692
