"","value","cost"
"1",1.48613678228066,150.836229062131
"2",0.0178137827633404,2.12331727862012
"3",0.261376395722218,25.0670588735057
"4",2.4762738855837,221.857896727852
"5",5.74877074549965,683.243161062541
"6",1.66811147036072,194.287028560553
"7",0.859760357979856,90.3119342377747
"8",0.34977961980535,30.7103760158905
"9",0.606898791327734,52.2101064879721
"10",0.254316174173148,29.1517620772498
"11",0.201987023194076,21.2967579442361
"12",0.0363334526430045,4.33668972880032
"13",0.0157615214919779,1.48168997957456
"14",0.0704976834220688,8.06416853828479
"15",0.616090455489465,73.2912506983009
"16",0.471276508652039,43.916144356419
"17",0.12684649192826,14.5238737742957
"18",0.966539979728528,94.6529774795138
"19",0.0810592956288523,8.82364391400117
"20",0.024950128338841,2.96512493922375
"21",0.501715951608111,52.163336978655
"22",0.0763902131508694,8.24756043573218
"23",0.0018684381301723,0.176682470353158
"24",0.62831712377801,68.8522503888591
"25",2.07134479542812,207.620899339258
"26",0.539767080893154,57.7243545992413
"27",0.133325365277781,13.5328174273534
"28",0.408547170624882,47.8607193005442
"29",0.00209698847164114,0.177078997581465
"30",2.76591518981242,307.573956048647
"31",7.17648875805096,843.180695044962
"32",0.013282552947305,1.08289080757965
"33",0.484829649400931,52.6641975835573
"34",0.489472392019765,57.8870629421439
"35",0.105234921016146,10.4739041354243
"36",2.09367448599291,237.378573240993
"37",0.00694131001468623,0.76519455329518
"38",0.831328972664812,67.1057398171285
"39",0.554425634526517,47.7655631057886
"40",0.107415898214347,9.06453059120753
"41",0.00763223627682044,0.649507791268804
"42",0.698628178626586,62.5068528285512
"43",0.355798931984206,37.5897694403811
"44",3.29788440670072,320.267000811735
"45",0.0817501903733861,7.09175563810251
"46",0.267387039833376,27.0944394632185
"47",0.109564175127674,12.3467311696279
"48",2.26295700366948e-05,0.00267888673239674
"49",0.229043778249519,19.5107403271372
"50",0.0999863089211796,8.2498330939982
