"","value","cost"
"1",0.79445009969623,82.4626350192665
"2",0.104939672852009,9.00914498004484
"3",0.00093178539930941,0.109499857588887
"4",0.780855610528411,85.0153739457288
"5",0.0764901498677482,8.2419131103512
"6",0.232392744368143,25.7005234102752
"7",1.75700319426925,173.576572496773
"8",0.578791777122367,63.1467583120855
"9",0.155922728057283,18.2869535233922
"10",0.191698016487422,17.6593203150323
"11",2.10959608663198,199.252152994181
"12",2.99409158283735,290.989171334104
"13",4.28820641858539,399.238133949487
"14",0.519008186829795,60.8663369435389
"15",1.12257450472729,99.2163174322787
"16",0.000521587553095851,0.05757368795028
"17",0.67964519196452,72.8611973136195
"18",0.314199231954158,35.0526965531955
"19",0.570024579796042,50.0945104067226
"20",0.56601140785651,57.6761653689372
"21",0.165474045787934,17.9120753525152
"22",2.00489334626331,239.83551415657
"23",0.724170239005302,72.9093816238378
"24",0.0052885585945408,0.458908810241536
"25",0.0610526819820582,6.68468776903687
"26",4.693921273191,431.234020127379
"27",0.0041114592788744,0.489560845147162
"28",0.111185834147278,11.7478033257681
"29",0.0336142125123148,3.34849922406518
"30",0.720614346512193,62.408959625207
"31",0.034233745329635,2.83575690266681
"32",0.703767404156658,78.3076355661409
"33",0.0747289957261721,8.16795558590601
"34",0.371704952347655,30.5011995922676
"35",3.27770626917016,346.595619346558
"36",0.140697497444674,12.5146192530903
"37",1.73982055617032,205.390302400012
"38",0.0591486851732392,4.96333429129208
"39",1.4988008359042,176.005939092976
"40",1.9856128556337,195.108234909502
"41",0.788948960811317,83.2110715453686
"42",0.607848310733066,58.4185363162818
"43",0.683164675917057,60.2432164822288
"44",0.452533722490561,42.9514417436813
"45",0.0446011059951252,5.05432906895214
"46",0.271917172826052,30.9502168333014
"47",0.397799811176812,43.2051692921395
"48",0.189980179898169,19.9789874768733
"49",0.571991857304057,68.4911586512514
"50",0.0237869384709666,1.91947167674113
