"","value","cost"
"1",0.568998592513711,48.7173624273122
"2",0.216012968602365,21.3603433008397
"3",1.19275015749532,142.40496582358
"4",1.26549377516564,143.894847791331
"5",0.741647314209134,60.8300206115058
"6",6.76045705905756,617.386148291224
"7",0.213346717089882,18.3304118101458
"8",0.68434082688917,67.2040189423295
"9",0.507655494187275,56.6368686119696
"10",1.26722320840664,101.987964813623
"11",0.296947791585994,24.5913086209762
"12",0.174665790453734,14.6706937198242
"13",0.00411322177023501,0.34066861846001
"14",0.0663135122580275,6.18533985569162
"15",0.0884846805149626,9.82911673379909
"16",0.306970844198484,29.0615078395274
"17",0.783695445599543,80.3179053326515
"18",0.560484315229389,64.5051518847765
"19",1.70395706697212,165.027520953557
"20",0.160207084312018,18.7498764272315
"21",0.536465805761752,47.4112606142949
"22",0.000380241260177713,0.043050748731793
"23",0.00181948803497516,0.161860042342575
"24",0.437401071992238,47.0246787148631
"25",0.0588820562270055,5.53726498013036
"26",0.0085130867028874,0.868542530039645
"27",0.0642329128414748,5.4611513211644
"28",0.200979364930933,17.103164868327
"29",0.173531808276753,16.6249740096563
"30",0.621628615431876,50.247766851978
"31",0.963641812833524,86.2846802551992
"32",0.072369472810467,6.07620878381716
"33",0.642559254099318,64.0685226342243
"34",0.171160790804164,19.6254259535256
"35",1.24219386759939,116.373367915556
"36",0.267738913916425,31.7656415562764
"37",0.121593429652044,10.6265143683875
"38",2.71256882895059,221.566872878119
"39",0.195274563812388,15.7672667398844
"40",0.174029813562981,17.9571841504401
"41",1.51118668935003,177.024243534721
"42",1.09029987710901,106.739599988147
"43",0.196115446370501,16.8443197542286
"44",0.00215007836113274,0.210980769451912
"45",0.814370956421415,91.3326226151423
"46",0.884601183842874,104.300754446425
"47",1.83134485894102,183.018994515186
"48",0.00354814619904278,0.415826015988991
"49",0.0552655881481419,4.47639789494883
"50",0.0305086562053964,3.13999360239549
