"","value","cost"
"1",1.23590067352044,127.404369771751
"2",0.137340143118788,11.58955917794
"3",0.196357431693541,22.9454902945478
"4",0.0704578301899724,6.44497010252073
"5",0.0323011820531694,2.76702391900726
"6",0.000407858472945515,0.0462347853129271
"7",1.42975146779507,122.638509284724
"8",0.0853979262567949,8.92432073583839
"9",0.28016384528918,25.4346630595454
"10",1.71966980470605,157.288144012423
"11",0.541270366866272,63.3545901299764
"12",0.114062493513836,12.0587611285384
"13",0.0653510450236857,5.59464354203848
"14",0.69623991179784,58.8316049957607
"15",1.49961459584094,137.133397890969
"16",0.0234832792864718,2.68377496666675
"17",2.48244290892963,245.613988729945
"18",1.50177644216377,156.244661543462
"19",0.465255850507947,43.423656492425
"20",0.345582261610437,41.2367871361434
"21",0.0065467003000573,0.544945860470081
"22",0.239620999253991,27.7484017159882
"23",0.00102543616855769,0.0906933732261304
"24",0.184497390803714,20.4578561829233
"25",0.847750907037903,84.1418662156549
"26",1.94008286351479,179.464724770714
"27",0.0510152704448063,4.28272279336288
"28",0.595604709737768,68.3340068756099
"29",0.0241600540204855,2.68847229637832
"30",0.180862091680503,19.5211097372234
"31",1.66859020960142,170.24284765674
"32",0.0677856183157456,5.97460353017226
"33",1.20095086259093,107.326102962032
"34",0.896626577293803,82.7682456747135
"35",0.402571981036776,45.3671071592778
"36",0.512689290539268,53.0889842980218
"37",0.257713381382087,21.9433994225345
"38",0.453257723337938,51.7385929925395
"39",0.0385734342081969,4.06135149062703
"40",0.534492316253033,48.8077264894485
"41",0.556400158433434,58.3985343491024
"42",0.154308041797278,16.338486375775
"43",0.446983408831001,37.4515882243372
"44",0.122417223519059,13.671648775393
"45",0.0110353050083554,0.97205648242099
"46",1.50497180362922,142.711143612893
"47",0.084878584931296,9.31005786451125
"48",0.0627342696349525,6.94311951362956
"49",0.0341371993500229,3.95974146614708
"50",0.0219186751397133,2.31773016145196
