"","value","cost"
"1",1.13030634242343,103.103791897864
"2",0.0737689977899705,6.70910093949287
"3",0.000188232486429212,0.0214424582698474
"4",0.0732967891834447,8.0960489024961
"5",0.0513637811524734,4.82167768459886
"6",0.106866891462363,11.475991413139
"7",0.987632586189943,88.0372413548947
"8",2.71758765175322,296.336256945805
"9",0.00714472508895064,0.711639708261539
"10",0.711218821466488,77.7344593557931
"11",0.541607045733882,60.1001867739272
"12",0.0221061453636722,1.95308949456631
"13",0.631092794845627,59.4403026807298
"14",1.07227756130989,110.463182142556
"15",0.00688508468567168,0.733905549036199
"16",1.76379533876153,172.600269457474
"17",0.000299384247530073,0.0274109382171848
"18",0.0658380190579393,6.94280320116502
"19",0.556902143854596,52.8056108441191
"20",2.56362203172325,298.206587492084
"21",0.143448101366496,17.1658298069047
"22",1.01616332535946,87.3720092554313
"23",0.229531203967823,19.8631310561553
"24",0.429085912032077,48.1229781709037
"25",0.00292463210612255,0.316081738464346
"26",0.166772894340213,17.6773191559295
"27",1.01144284192425,84.2651347575811
"28",1.5096881139442,159.4365574845
"29",1.24103871928896,124.965114455184
"30",7.57392286756705e-05,0.00726070739641946
"31",0.472419706650997,50.7183774088446
"32",0.431636223538726,37.3637524307546
"33",0.968327248851498,106.070457852773
"34",0.0290575130718293,3.47382273828041
"35",0.000181678121380022,0.0188390940203276
"36",1.88785945798698,171.272811215836
"37",2.62357258957549,238.674757125298
"38",0.0209451145284196,2.17760044643382
"39",0.0356629283866716,3.02722866125696
"40",2.43662483342595,277.144627824521
"41",0.141353075023538,14.2739593322588
"42",0.286397909926537,31.3707357014273
"43",0.000822355798460639,0.0930080710746732
"44",0.137645405958566,11.1465518759913
"45",0.81564210960597,69.152887435787
"46",0.177760273454635,16.605924707165
"47",0.73399148698122,62.3175642741121
"48",0.0317167892832024,3.13941959316497
"49",0.0240914977620408,2.79925673084185
"50",0.0150673550722892,1.79068584205169
