"","value","cost"
"1",0.398549481510699,37.1828582268406
"2",0.0110182850249621,0.888138091611503
"3",0.189809965898611,17.1450161185393
"4",0.182510357366266,18.2410092185959
"5",0.811218136862398,79.713613286857
"6",0.0541795889071859,6.48276336394217
"7",0.0379451600123142,4.40256965549313
"8",2.77450329935709,276.004703795975
"9",0.00213354702903331,0.203051142320462
"10",1.32245754127128,135.875057890047
"11",0.0182370951983503,1.89279863734795
"12",0.105555771225721,9.04728569322292
"13",0.0344706744274334,3.24211118207266
"14",0.612708088710648,54.5195654758215
"15",1.17682606046643,120.911349020065
"16",0.558604387752397,66.68136079113
"17",0.359158539024794,34.0011728817851
"18",0.0112079743695794,1.09231523848096
"19",0.233625091626464,24.3744024827862
"20",0.00895866517891355,0.795299838707783
"21",0.745101943049638,82.7255769591735
"22",1.49842913988009,138.956974534861
"23",0.352420117483137,34.5847660749334
"24",0.00677885464534923,0.544130228302307
"25",0.347825463112901,39.8438885308436
"26",0.000796114848438691,0.0726755125220453
"27",0.353384350523222,35.9485990782143
"28",0.131869296382509,14.8318673232946
"29",0.856834156872743,69.0542685515587
"30",0.125233098083221,10.5245761911293
"31",0.458338092325809,40.0060372180059
"32",0.741166172155816,69.4293928948892
"33",0.0002830042874813,0.0320825196834214
"34",0.0581723348181175,6.15017641203565
"35",0.159297343323678,17.7428722877905
"36",0.0778624842923634,7.86068366737854
"37",0.0452367941122433,4.18164670605405
"38",1.30588653295757,127.329567271411
"39",0.74107476216552,67.1577426609059
"40",0.149746704575379,12.9585659115713
"41",0.161653872280148,18.8428922043572
"42",0.0148964786876583,1.72503008284157
"43",1.87810640172602,171.038097502534
"44",2.04031055591484,179.64505906386
"45",0.108335098253507,9.48628170370362
"46",0.512719375514965,46.5275704726663
"47",0.91767956213386,107.386090449147
"48",0.00360350800460045,0.307143483421911
"49",0.480380051510307,53.2088518239564
"50",0.413944275127124,39.3878651618431
