"","value","cost"
"1",3.85117034893483,362.366514862029
"2",1.43096380168572,147.836019579377
"3",1.06356747215614,123.717344499788
"4",3.2806086842902,369.176915865087
"5",0.430908581474796,41.4162295048165
"6",2.83486689790152,335.725555211746
"7",3.65164485760033,341.160691238834
"8",2.22908302908763,258.547265664453
"9",0.25425827363506,24.6602531423097
"10",4.89164301077835,509.272942107316
"11",1.76694455672987,188.613062459073
"12",1.68346632737666,191.776932912327
"13",2.64120393665507,288.09908117566
"14",1.73786884057336,159.319870549654
"15",3.72384356334805,324.78409679792
"16",2.22186449216679,228.836551824964
"17",3.76770056318492,383.693702718657
"18",3.55499763623811,382.295082741824
"19",1.79635188542306,200.897625256805
"20",4.60709143662825,545.607315814
"21",2.30372410616837,227.919477758747
"22",0.126758378464729,14.0587002862924
"23",2.12643003556877,234.787549095936
"24",1.63476474699564,168.960400579183
"25",1.67541170492768,171.575457955588
"26",2.29040881036781,224.624132526164
"27",2.83043299801648,337.740620588369
"28",3.72418668470345,445.472194090103
"29",2.17005759477615,244.764577634001
"30",3.69202271220274,302.64759729282
"31",3.36874429835007,402.558214088173
"32",2.73705040453933,222.264889660905
"33",3.89745512395166,405.623154326785
"34",0.427505443803966,43.1894517732437
"35",4.80946377501823,502.251371343402
"36",2.01723823207431,182.169875228588
"37",3.77261837245896,404.12430424085
"38",0.416381492977962,41.7242046824691
"39",1.78448983118869,175.751232407858
"40",4.39667180995457,504.456470458778
"41",0.604200816014782,64.6829331948779
"42",4.89409571629949,478.121610089628
"43",4.65031161904335,475.504550830395
"44",0.553758806781843,59.7642800190832
"45",2.24184937076643,189.042674436427
"46",1.47588010877371,122.791200839321
"47",4.95581977418624,427.393737847648
"48",0.466838758438826,53.7077618732276
"49",1.87494797282852,217.084057075559
"50",3.25155842700042,375.437567964883
