"","value","cost"
"1",0.989135253475979,113.565278756565
"2",4.53040595166385,469.805022065468
"3",3.67120430921204,417.255790587935
"4",0.965198951307684,93.0314132766357
"5",0.321767602581531,36.640305612763
"6",1.18037400883622,141.119879385832
"7",1.7471837636549,204.50238691723
"8",1.49539279635064,124.557134620324
"9",4.69613017165102,478.853628161548
"10",3.80377467256039,422.186858712217
"11",4.88780235638842,529.188437716358
"12",1.06343846651725,112.705046369138
"13",1.58981240703724,181.97828481191
"14",3.02460075938143,315.173447918472
"15",4.70018199761398,506.997577411666
"16",1.66817696415819,198.795467055181
"17",0.397249896777794,45.7451490026165
"18",2.86521264119074,339.531379746674
"19",4.84444231027737,473.307193123106
"20",4.32957010460086,436.610989123901
"21",4.36744443955831,430.188785947166
"22",4.0145838202443,474.293899805741
"23",2.28158382698894,252.822329500263
"24",2.46486554038711,197.565613423397
"25",3.18276086356491,375.469698392337
"26",0.249850903637707,22.8209962648549
"27",0.0808530219364911,8.63381656846614
"28",3.71872821357101,318.411393046791
"29",2.71683620172553,266.220818933882
"30",4.91799763054587,532.387959696581
"31",0.642167394980788,55.700453311912
"32",4.79617948178202,561.877120210123
"33",0.490282987011597,55.2351242369251
"34",3.45872458652593,303.405543320828
"35",3.91783428494819,400.300208490052
"36",3.64050557021983,366.719353470806
"37",3.42882653232664,352.240953095045
"38",4.48311553569511,362.27055045712
"39",1.26677031978033,137.382338966328
"40",2.78729214100167,255.044727259915
"41",4.72548443125561,383.938432353592
"42",1.70150851365179,179.565088223031
"43",1.23143453150988,125.533667071588
"44",3.8733403920196,347.244896445182
"45",3.81588854710571,454.479948667858
"46",1.44690756802447,157.235394434371
"47",0.437451861798763,43.3781513894024
"48",0.581585639156401,67.1686098370795
"49",4.87754202215001,431.81538639771
"50",2.87751622963697,311.354709595951
