"","value","cost"
"1",4.11777667934075,462.938933656055
"2",1.72444711206481,188.040584619578
"3",3.83016338106245,369.608181018299
"4",1.76379536860622,146.250165567458
"5",3.62466986640356,338.328868816941
"6",1.38009830377996,125.351016499054
"7",0.941308019682765,86.0376405019944
"8",1.84672463685274,187.579119463753
"9",4.60870271781459,517.968868843328
"10",4.65027678874321,523.520183795393
"11",4.70483797020279,545.654770619053
"12",0.708124873926863,81.3864326294334
"13",2.12320730905049,202.849414690431
"14",2.09887707722373,208.394666463446
"15",0.630367782432586,64.246866561594
"16",2.10054165334441,228.205692236706
"17",3.82427268661559,370.539336475772
"18",1.32977900677361,154.202755871998
"19",3.08396670036018,262.538225946156
"20",3.1666052446235,356.019247707563
"21",0.783052700571716,79.6363495416723
"22",1.76835430203937,164.474694650238
"23",1.33354226942174,151.51604846744
"24",3.02361077046953,351.869519838874
"25",3.10354766435921,371.936850548663
"26",2.92590740020387,327.74180672728
"27",3.07273529237136,311.122268426883
"28",2.46636160649359,208.80743552387
"29",4.0740322007332,393.478971706768
"30",2.47199206263758,212.058372067218
"31",3.67857816745527,302.768960176279
"32",1.59941721125506,163.610031147976
"33",3.72640208341181,372.122929922769
"34",2.85864716512151,249.227999848327
"35",2.47759478050284,213.930459821936
"36",4.13595910766162,374.080691887247
"37",4.08248754334636,448.633163021553
"38",3.56957840034738,332.36810057733
"39",4.27458507125266,342.734942324527
"40",4.67473722877912,416.903329602687
"41",4.34117852826603,504.365123864767
"42",0.758848793338984,85.9628453905453
"43",1.37331468518823,149.625726144936
"44",4.99750800197944,573.722374893121
"45",4.61289151455276,436.356915783459
"46",0.897822037804872,76.5087762053841
"47",1.57431663246825,138.744124886266
"48",1.55113516375422,132.523085260193
"49",0.214513838291168,24.5713903254032
"50",4.72788133658469,476.454503857573
