"","value","cost"
"1",4.34183661011048,396.893879999698
"2",1.80702600511722,215.555830874154
"3",1.43855948932469,141.44373387663
"4",4.50395476422273,506.989549376402
"5",2.24968814174645,181.247019238026
"6",1.75395699916407,170.299699664811
"7",1.19429239770398,121.011920999698
"8",1.02793029043823,101.165028606052
"9",1.30621224991046,105.327803463067
"10",2.30516858980991,257.795856713151
"11",1.20846147183329,142.175818497676
"12",2.93449184158817,256.580000614126
"13",0.304018192691728,32.0695959571795
"14",2.12925852625631,225.646775598277
"15",3.95838619908318,328.7604427879
"16",0.168454342056066,19.9088619388848
"17",2.42770536919124,207.904275301155
"18",2.6464272197336,291.829564091159
"19",1.03769711684436,95.5939888242815
"20",4.99500181642361,599.066650628442
"21",4.12217002478428,387.171652616919
"22",4.41762985661626,498.141760421727
"23",3.62859508837573,418.279325126495
"24",4.09841320011765,414.794331587451
"25",1.03948703734204,88.7895758620577
"26",4.45621875463985,397.444577940866
"27",3.09241484617814,268.637918418984
"28",3.63952768733725,428.593599724884
"29",1.29325199872255,132.645730232991
"30",2.91263023973443,249.668971072913
"31",0.938193910988048,110.047492552353
"32",0.59315481223166,50.0053727702259
"33",4.79594790842384,522.562525899245
"34",0.926482920767739,95.314817503893
"35",1.19770675199106,110.095273122501
"36",0.922320618992671,80.1774482898963
"37",0.469881696626544,41.0799676569804
"38",2.3108907288406,275.1857116931
"39",1.61235854960978,190.371614725162
"40",2.95089833787642,305.06213030093
"41",2.37088260706514,250.975413177548
"42",3.89814158785157,459.815076049611
"43",0.253064197022468,29.7106429728722
"44",2.27632634574547,250.669875534794
"45",4.49904556502588,452.012705597545
"46",4.21271829050966,459.987577672835
"47",2.8392066352535,228.955785488235
"48",1.65858500404283,144.728720806346
"49",1.26707128947601,110.846627322842
"50",2.62063082423992,290.042783157046
