"","value","cost"
"1",4.43647992331535,434.891672316157
"2",3.07045449502766,301.226152925779
"3",2.89561734651215,263.552237321161
"4",0.498696801951155,51.7589369192901
"5",1.49967300472781,142.713877415155
"6",0.612152671674266,53.8751681484674
"7",3.87550039915368,317.561123562637
"8",4.59777875686996,394.909717169609
"9",3.35980795323849,312.568670039404
"10",0.190691315801814,21.6712343351854
"11",4.90170768345706,431.199013967674
"12",0.84213039255701,77.1416198848198
"13",4.56533009652048,429.48419095251
"14",1.14361248444766,109.955568436141
"15",2.81961037078872,330.203677146477
"16",4.99262733268552,434.875977755393
"17",0.875255407299846,91.9276376430176
"18",1.94014200475067,205.111086056127
"19",1.49131068727002,139.855391023883
"20",1.30981826456264,111.560465282458
"21",2.87572564207949,230.667688204601
"22",1.99480824405327,198.827100079453
"23",1.66072683408856,163.894289600551
"24",3.79734556656331,392.934270988769
"25",3.18825596710667,321.361920960529
"26",3.7478651991114,313.347291838605
"27",2.6048520882614,267.716996079946
"28",2.64438722049817,225.06789956864
"29",4.22216124483384,379.971399935184
"30",2.11677784449421,207.923681968046
"31",0.468034280929714,45.2653473943642
"32",3.07322093634866,314.242379696788
"33",0.486877653747797,57.8040671557341
"34",4.12086732219905,436.23397352267
"35",2.1978792315349,223.262338983182
"36",2.64672315213829,280.132636129842
"37",2.34151007723995,247.360887561558
"38",3.94057031488046,459.94859679361
"39",3.02931490936317,337.173773631613
"40",2.50525375595316,248.035616859086
"41",1.35028498363681,117.484650690341
"42",4.03889925568365,474.247755063148
"43",0.944746601162478,88.2757864233598
"44",0.348759770859033,39.3666748494822
"45",3.57179107959382,358.987185091111
"46",4.5438140607439,398.802986949369
"47",0.382731306599453,40.6962310892284
"48",0.903652966953814,74.8049474236256
"49",3.62335385172628,358.644930865689
"50",0.615005913423374,62.6213724427875
