"","value","cost"
"1",1.51370251434855,175.980080519275
"2",0.993630284210667,95.6912045067642
"3",2.56726339575835,293.305015607932
"4",1.71543122269213,178.078138385926
"5",3.65306573454291,418.906667355761
"6",3.59655483392999,326.37479532053
"7",4.67409072793089,470.08186302514
"8",4.88978614099324,435.781313086844
"9",0.314175625098869,28.4327203695539
"10",4.82934016850777,539.060428253924
"11",0.330154311377555,38.7307016354798
"12",1.77112630917691,208.400308271132
"13",1.05408868868835,115.409287222933
"14",1.46885266527534,156.664178093993
"15",1.82069204980507,208.537680189729
"16",4.04435731237754,449.338667707166
"17",4.56937679555267,504.936145305532
"18",3.85358934174292,313.022091757855
"19",2.50749653787352,255.999740113791
"20",0.667370080482215,79.815987551406
"21",2.44049250148237,265.613625684005
"22",1.4386169903446,125.748875388676
"23",4.711206802167,426.074172928454
"24",3.73355352203362,366.237556124119
"25",1.36176302330568,141.960369494228
"26",1.43955236766487,158.209831114726
"27",4.26427393918857,438.772036985845
"28",2.2545446048025,183.953853598144
"29",0.108087338740006,12.8049037081528
"30",1.58498477307148,160.117048404648
"31",0.936328731477261,110.384684585182
"32",2.81815699650906,243.795532091553
"33",3.42878321651369,408.654642023016
"34",0.554856638191268,54.1135652289748
"35",2.47967833187431,256.299924542322
"36",2.68023355281912,294.368982299673
"37",4.97977350838482,495.397855824691
"38",1.27639123471454,135.393325822814
"39",4.08466855296865,460.386777640762
"40",3.26385604450479,306.602881035233
"41",0.278326241532341,31.8640226095008
"42",2.25951852626167,263.880225097805
"43",3.17967760493048,371.538083585239
"44",3.04707019357011,321.947626320589
"45",3.78398134373128,325.441038532266
"46",2.47193646035157,226.534376092672
"47",1.25040287035517,132.940732614144
"48",4.15841994690709,375.528028589228
"49",0.0694966921582818,6.64735288557885
"50",1.64373579900712,178.331783683798
