"","value","cost"
"1",3.0612292396836,250.366974157096
"2",4.09615496522747,414.449018579206
"3",4.94853976764716,398.053515074713
"4",1.73001798335463,174.753098845504
"5",3.29285738058388,273.694951832404
"6",2.92478894232772,291.084878080587
"7",3.79071836476214,344.770713228775
"8",3.65461058099754,335.306613408388
"9",0.973015368217602,83.6491090861045
"10",1.28518290701322,115.282548666452
"11",1.49630236555822,157.622826997909
"12",1.30640762159601,105.410154964512
"13",3.95159741397947,472.517440068314
"14",0.214941324666142,22.2080918813619
"15",2.37621062784456,249.780903575274
"16",1.26101424219087,151.252038866638
"17",1.29900293191895,112.711199459609
"18",0.638650038745254,70.467183759038
"19",3.75970954191871,423.737140246912
"20",4.51633602613583,518.765030014223
"21",3.47264508716762,390.71717521863
"22",2.82488372758962,306.16001138218
"23",4.76642076624557,537.18084459346
"24",0.983454321976751,103.724803922074
"25",0.398401675047353,41.9618402850095
"26",1.87182299443521,155.064189903829
"27",4.55539580550976,433.729530857172
"28",1.56614211271517,135.550917237618
"29",2.55934904445894,234.997027806595
"30",0.533639253117144,45.6683817321211
"31",4.34741043369286,420.471079769528
"32",2.89978965418413,304.926781590416
"33",3.68461043806747,342.779007430471
"34",3.07341606239788,350.668513150795
"35",0.59547699871473,67.5715447504842
"36",3.1889189814683,336.349660784321
"37",4.98097369098105,473.947433248009
"38",2.92871596640907,313.268331063678
"39",3.43081051367335,336.334981326926
"40",2.79656692873687,255.782087085838
"41",4.89109311602078,394.336311282762
"42",4.02285853400826,359.482142766827
"43",1.96270891348831,181.041518032447
"44",4.06179903657176,442.222509049718
"45",2.83847681712359,247.253570983886
"46",3.6235022789333,376.620130263271
"47",2.28092846809886,255.988246311774
"48",1.12140684854239,125.521742899032
"49",0.321105223847553,32.3799024267667
"50",3.64263275288977,419.681414259099
