"","value","cost"
"1",1.2353964522481,141.934304128154
"2",3.6349523824174,383.726662901112
"3",1.61206664051861,165.432986884225
"4",1.7888158862479,175.870026369691
"5",1.26162039581686,131.211773161248
"6",3.44605308608152,367.609449155254
"7",3.9851538289804,477.196100942065
"8",3.30963306827471,350.668107898889
"9",2.03641271567903,209.479855551278
"10",1.15866672131233,127.693982156496
"11",3.90628617955372,379.262844508173
"12",2.64256051974371,220.189303718045
"13",4.27122075110674,439.946726500109
"14",4.05140968854539,423.623023486954
"15",3.74393811449409,387.334407822619
"16",2.76310403831303,245.660958242986
"17",2.41707380628213,213.695902873969
"18",1.54035752639174,139.225620314347
"19",1.39292901498266,162.363367494047
"20",2.18966386979446,204.686869230184
"21",1.26531830290332,150.577351754861
"22",3.71677645249292,415.877154336598
"23",2.59025570936501,292.238990815528
"24",4.41875119111501,462.881997620377
"25",4.76406256202608,472.249341284592
"26",4.3804351077415,467.937036184227
"27",4.65767197194509,410.177496837203
"28",3.06230093352497,298.311176608458
"29",1.64600553340279,164.239963308767
"30",3.12075691879727,355.048623507651
"31",4.89575006416999,532.684995982613
"32",2.08255937555805,225.143290018782
"33",0.966714451787993,82.3718671667981
"34",2.73500719224103,307.148229238528
"35",4.11366334650666,421.333408205804
"36",0.720780418487266,84.703329417869
"37",4.90828143432736,554.564715899924
"38",4.09954870934598,349.620863209251
"39",3.91202993923798,414.291009935231
"40",1.80370252695866,201.034308094363
"41",1.38075362192467,127.134853085913
"42",2.20071330433711,187.844489228281
"43",2.85731241805479,254.557258137993
"44",0.306710132863373,34.4756680570352
"45",3.24213242973201,357.512499061754
"46",3.9798955374863,474.424450802721
"47",0.490336429793388,54.6145239786793
"48",1.52689556241967,173.740845057998
"49",3.30485004466027,271.333317062232
"50",4.24664525664411,508.032889712451
